support,itemsets,tn,fp,fn,tp,length,support_count,fpr,fnr,accuracy,error,d_fnr,d_fpr,d_accuracy,d_error,t_value_fp,t_value_fn,t_value_fp_fn,t_value_tp_tn
1.0,frozenset(),336,153,129,382,0,1000.0,0.3128834355828221,0.25244618395303325,0.718,0.28200000000000003,0.0,0.0,0.0,0.0,0.0,0.0,0.0,0.0
0.645,frozenset({'lunch=1'}),149,115,80,301,1,645.0,0.4356060606060606,0.2099737532808399,0.6976744186046512,0.3023255813953488,-0.04247243067219336,0.1227226250232385,-0.02032558139534879,0.02032558139534879,3.321984150383963,1.4800269279751954,0.8922700439121097,0.8922700439121097
0.642,frozenset({'test preparation course=1'}),277,90,104,171,1,642.0,0.2452316076294278,0.3781818181818182,0.6978193146417445,0.3021806853582555,0.12573563422878492,-0.0676518279533943,-0.020180685358255457,0.020180685358255457,2.186737792992918,3.6051158032425707,0.8849103883121572,0.8849103883121595
0.518,frozenset({'gender=0'}),150,76,70,222,1,518.0,0.336283185840708,0.23972602739726026,0.7181467181467182,0.28185328185328185,-0.012720156555772993,0.023399750257885876,0.00014671814671818328,-0.00014671814671818328,0.6401469521723407,0.3788623386219243,0.010576495413964016,0.010576495413964016
0.482,frozenset({'gender=1'}),186,77,59,160,1,482.0,0.29277566539923955,0.2694063926940639,0.7178423236514523,0.2821576763485477,0.016960208741030658,-0.020107770183582563,-0.0001576763485476862,0.0001576763485476862,0.5530950657554512,0.5096015490289375,0.02499933516242003,0.02499933516242003
0.418,"frozenset({'lunch=1', 'test preparation course=1'})",129,74,71,144,2,418.0,0.3645320197044335,0.3302325581395349,0.65311004784689,0.34688995215311,0.07778637418650164,0.051648584121611385,-0.06488995215311,0.06488995215311,1.3202291920249503,2.1061974921283677,2.3950285843896415,2.3950285843896415
0.358,frozenset({'test preparation course=0'}),59,63,25,211,1,358.0,0.5163934426229508,0.1059322033898305,0.7541899441340782,0.24581005586592175,-0.14651398056320275,0.20351000704012873,0.03618994413407828,-0.03618994413407828,4.10297266030587,5.1778700290605375,1.3145174458072726,1.3145174458072726
0.355,frozenset({'lunch=0'}),187,38,49,81,1,355.0,0.1688888888888889,0.3769230769230769,0.7549295774647887,0.24507042253521127,0.12447689297004366,-0.14399454669393322,0.036929577464788754,-0.036929577464788754,4.35324194739786,2.711954717987122,1.338459666716225,1.338459666716225
0.334,"frozenset({'gender=0', 'test preparation course=1'})",128,47,58,101,2,334.0,0.26857142857142857,0.36477987421383645,0.6856287425149701,0.3143712574850299,0.1123336902608032,-0.04431200701139354,-0.03237125748502989,0.03237125748502989,1.0791933642714684,2.6636784712944794,1.1380867954183698,1.1380867954183698
0.329,"frozenset({'gender=0', 'lunch=1'})",57,56,39,177,2,329.0,0.49557522123893805,0.18055555555555555,0.7112462006079028,0.2887537993920972,-0.0718906283974777,0.18269178565611593,-0.006753799392097193,0.006753799392097193,3.574564161190256,2.1556906608123523,0.264864065253776,0.264864065253776
0.319,frozenset({'race/ethnicity=2'}),117,40,56,106,1,319.0,0.25477707006369427,0.345679012345679,0.6990595611285266,0.30094043887147337,0.09323282839264574,-0.058106365519127845,-0.018940438871473342,0.018940438871473342,1.3801825419781255,2.2555112427699475,0.6745238948005509,0.6745238948005527
0.316,"frozenset({'lunch=1', 'gender=1'})",92,59,41,124,2,316.0,0.39072847682119205,0.24848484848484848,0.6835443037974683,0.31645569620253167,-0.003961335468184779,0.07784504123836994,-0.03445569620253164,0.03445569620253164,1.7620073844291695,0.04961599482416241,1.1847535951311745,1.1847535951311765
0.308,"frozenset({'gender=1', 'test preparation course=1'})",149,43,46,70,2,308.0,0.22395833333333334,0.39655172413793105,0.711038961038961,0.288961038961039,0.1441055401848978,-0.08892510224948877,-0.006961038961038946,0.006961038961038946,2.3751244992015925,2.9687759709859844,0.26825076892120886,0.268250768921207
0.262,frozenset({'race/ethnicity=3'}),57,56,20,129,1,262.0,0.49557522123893805,0.1342281879194631,0.7099236641221374,0.29007633587786263,-0.11821799603357017,0.18269178565611593,-0.008076335877862606,0.008076335877862606,3.574564161190256,3.3632019446920918,0.29463946548518155,0.2946394654851798
0.227,"frozenset({'test preparation course=0', 'lunch=1'})",20,41,9,157,2,227.0,0.6721311475409836,0.05421686746987952,0.7797356828193832,0.2202643171806168,-0.19822931648315373,0.35924771195816146,0.06173568281938324,-0.06173568281938324,5.64579567610828,7.331775286301984,1.9330403242052967,1.9330403242052976
0.226,frozenset({'parental level of education=4'}),66,41,24,95,1,226.0,0.38317757009345793,0.20168067226890757,0.7123893805309734,0.28761061946902655,-0.050765511684125686,0.07029413451063582,-0.005610619469026523,0.005610619469026523,1.408188413144452,1.131169540628965,0.2121992333327227,0.2121992333327227
0.224,"frozenset({'lunch=0', 'test preparation course=1'})",148,16,33,27,2,224.0,0.0975609756097561,0.55,0.78125,0.21875,0.2975538160469668,-0.215322459973066,0.06325000000000003,-0.06325000000000003,6.720395611710572,4.498771773015639,1.9740130464887735,1.9740130464887735
0.222,frozenset({'parental level of education=0'}),56,41,28,97,1,222.0,0.422680412371134,0.224,0.6891891891891891,0.31081081081081086,-0.02844618395303325,0.1097969767883119,-0.028810810810810827,0.028810810810810827,2.0607951141973406,0.6000776139862235,0.8839090555144892,0.8839090555144892
0.215,"frozenset({'gender=0', 'lunch=1', 'test preparation course=1'})",52,40,37,86,3,215.0,0.43478260869565216,0.3008130081300813,0.641860465116279,0.35813953488372097,0.04836682417704807,0.12189917311283005,-0.07613953488372094,0.07613953488372094,2.2272645007288303,1.1180484401627986,2.1710906288427756,2.1710906288427756
0.205,"frozenset({'lunch=1', 'race/ethnicity=2'})",47,32,34,92,2,205.0,0.4050632911392405,0.2698412698412698,0.6780487804878049,0.3219512195121951,0.017395085888236572,0.09217985555641839,-0.039951219512195046,0.039951219512195046,1.6123292189306109,0.4584496102107301,1.1642455045553382,1.1642455045553382
0.203,"frozenset({'lunch=1', 'gender=1', 'test preparation course=1'})",77,34,34,58,3,203.0,0.3063063063063063,0.3695652173913043,0.6650246305418719,0.3349753694581281,0.11711903343827107,-0.006577129276515825,-0.052975369458128085,0.052975369458128085,0.08132317514749991,2.2363499959620885,1.5099990960475693,1.5099990960475678
0.202,"frozenset({'race/ethnicity=2', 'test preparation course=1'})",95,22,46,39,2,202.0,0.18803418803418803,0.5411764705882353,0.6633663366336634,0.3366336633663366,0.288730286635202,-0.12484924754863408,-0.05463366336633657,0.05463366336633657,2.888193240466612,5.0777479357581905,1.5512477131996594,1.5512477131996594
0.196,frozenset({'parental level of education=2'}),103,18,42,33,1,196.0,0.1487603305785124,0.56,0.6938775510204082,0.30612244897959184,0.3075538160469668,-0.1641231050043097,-0.024122448979591815,0.024122448979591815,4.122446979940612,5.134416376841448,0.7187159387964475,0.7187159387964475
0.19,frozenset({'race/ethnicity=1'}),91,20,35,44,1,190.0,0.18018018018018017,0.4430379746835443,0.7105263157894737,0.2894736842105263,0.19059179073051102,-0.13270325540264194,-0.007473684210526299,0.007473684210526299,3.0423081790877293,3.286247634862833,0.2587874380677673,0.2587874380677657
0.189,"frozenset({'gender=0', 'lunch=0'})",93,20,31,45,2,189.0,0.17699115044247787,0.40789473684210525,0.7301587301587301,0.2698412698412699,0.155448552889072,-0.13589228514034424,0.012158730158730147,-0.012158730158730147,3.1556453974436582,2.6778127194929677,0.2899045748618323,0.2899045748618339
0.184,"frozenset({'gender=0', 'test preparation course=0'})",22,29,12,121,2,184.0,0.5686274509803921,0.09022556390977443,0.7771739130434783,0.22282608695652173,-0.16222062004325882,0.25574401539757,0.0591739130434783,-0.0591739130434783,3.574222220091794,4.948758071357278,1.679471107311832,1.6794711073118314
0.18,"frozenset({'race/ethnicity=3', 'test preparation course=1'})",49,40,18,73,2,180.0,0.449438202247191,0.1978021978021978,0.6777777777777778,0.3222222222222222,-0.05464398615083546,0.1365547666643689,-0.04022222222222216,0.04022222222222216,2.4476961311585796,1.07232018660053,1.1158659811614184,1.1158659811614169
0.18,"frozenset({'gender=0', 'race/ethnicity=2'})",56,24,31,69,2,180.0,0.3,0.31,0.6944444444444444,0.3055555555555556,0.057553816046966744,-0.012883435582822123,-0.023555555555555552,0.023555555555555552,0.1603169119866955,1.2164493168354371,0.6833529039485533,0.6833529039485533
0.179,frozenset({'parental level of education=5'}),72,25,24,58,1,179.0,0.25773195876288657,0.2926829268292683,0.7262569832402235,0.2737430167597765,0.04023674287623502,-0.05515147681993554,0.008256983240223503,-0.008256983240223503,1.0470975561701834,0.8313899950663848,0.1716971191280025,0.17169711912800406
0.174,"frozenset({'test preparation course=0', 'gender=1'})",37,34,13,90,2,174.0,0.4788732394366197,0.1262135922330097,0.7298850574712644,0.2701149425287356,-0.12623259172002355,0.16598980385379758,0.011885057471264449,-0.011885057471264449,2.6861266906068457,3.1444924550437032,0.2669307005632057,0.2669307005632057
0.167,"frozenset({'race/ethnicity=3', 'lunch=1'})",23,37,15,92,2,167.0,0.6166666666666667,0.14018691588785046,0.688622754491018,0.31137724550898205,-0.1122592680651828,0.3037832310838446,-0.02937724550898202,0.02937724550898202,4.6157424516906245,2.7468984789939377,0.8135642815825258,0.8135642815825272
0.166,"frozenset({'lunch=0', 'gender=1'})",94,18,18,36,2,166.0,0.16071428571428573,0.3333333333333333,0.7831325301204819,0.2168674698795181,0.08088714938030006,-0.15216914986853639,0.06513253012048192,-0.06513253012048192,3.6235645315665823,1.309434680023555,1.7819871696380685,1.7819871696380685
0.149,"frozenset({'parental level of education=4', 'test preparation course=1'})",60,27,21,41,2,149.0,0.3103448275862069,0.3387096774193548,0.6778523489932886,0.3221476510067114,0.08626349346632156,-0.0025386079966152053,-0.04014765100671136,0.04014765100671136,0.018056011664477366,1.4580936521279289,1.0374813494412984,1.0374813494412984
0.147,"frozenset({'lunch=1', 'parental level of education=4'})",27,29,13,78,2,147.0,0.5178571428571429,0.14285714285714285,0.7142857142857143,0.2857142857142857,-0.1095890410958904,0.2049737072743208,-0.00371428571428567,0.00371428571428567,2.9793384283474533,2.4744227892759,0.15531224992602555,0.15531224992602555
0.145,"frozenset({'parental level of education=0', 'lunch=1'})",20,33,15,77,2,145.0,0.6226415094339622,0.16304347826086957,0.6689655172413793,0.3310344827586207,-0.08940270569216369,0.3097580738511401,-0.04903448275862066,0.04903448275862066,4.464773417202813,1.9318104791734874,1.2331719256733467,1.233171925673348
0.14,"frozenset({'parental level of education=0', 'test preparation course=1'})",49,25,24,42,2,140.0,0.33783783783783783,0.36363636363636365,0.65,0.35,0.11119017968333039,0.024954402255015717,-0.06799999999999995,0.06799999999999995,0.49093732729089223,1.86860487203429,1.6435169031037031,1.6435169031037031
0.14,"frozenset({'parental level of education=2', 'test preparation course=1'})",86,7,36,11,2,140.0,0.07526881720430108,0.7659574468085106,0.6928571428571428,0.30714285714285716,0.5135112628554774,-0.23761461837852105,-0.025142857142857133,0.025142857142857133,6.513237248876266,7.867260267759322,0.6656220461520012,0.6656220461520025
0.14,frozenset({'race/ethnicity=4'}),14,33,7,86,1,140.0,0.7021276595744681,0.07526881720430108,0.7142857142857143,0.2857142857142857,-0.1771773667487322,0.389244223991646,-0.00371428571428567,0.00371428571428567,5.554665124537087,4.9436608260569335,0.15558597391587192,0.15558597391587053
0.139,"frozenset({'race/ethnicity=2', 'gender=1'})",61,16,25,37,2,139.0,0.2077922077922078,0.4032258064516129,0.7050359712230215,0.29496402877697847,0.15077962249857962,-0.1050912277906143,-0.012964028776978442,0.012964028776978442,1.9502556229188768,2.39307021161012,0.37720152811640795,0.37720152811640795
0.133,"frozenset({'race/ethnicity=3', 'gender=1'})",37,28,12,56,2,133.0,0.4307692307692308,0.17647058823529413,0.6992481203007519,0.3007518796992481,-0.07597559571773913,0.11788579518640868,-0.018751879699248075,0.018751879699248075,1.8734307122926417,1.3544811869242543,0.5074067912090244,0.5074067912090244
0.131,"frozenset({'test preparation course=0', 'lunch=0'})",39,22,16,54,2,131.0,0.36065573770491804,0.22857142857142856,0.7099236641221374,0.29007633587786263,-0.02387475538160469,0.04777230212209593,-0.008076335877862606,0.008076335877862606,0.807270616641667,0.32470080561881043,0.258217698180865,0.2582176981808663
0.131,"frozenset({'race/ethnicity=2', 'lunch=1', 'test preparation course=1'})",43,20,31,37,3,131.0,0.31746031746031744,0.45588235294117646,0.6106870229007634,0.3893129770992366,0.2034361689881432,0.004576881877495331,-0.1073129770992366,0.1073129770992366,0.15398881745355658,3.277757973191083,2.4399047604400987,2.4399047604400987
0.129,"frozenset({'race/ethnicity=3', 'gender=0'})",20,28,8,73,2,129.0,0.5833333333333334,0.09876543209876543,0.7209302325581395,0.2790697674418605,-0.15368075185426783,0.27044989775051126,0.0029302325581395117,-0.0029302325581395117,3.6887029775051348,3.719838627010675,0.00018277104883395468,0.00018277104883395468
0.126,"frozenset({'parental level of education=2', 'lunch=1'})",60,10,35,21,2,126.0,0.14285714285714285,0.625,0.6428571428571429,0.3571428571428571,0.37255381604696675,-0.17002629272567926,-0.07514285714285707,0.07514285714285707,3.421441974031408,5.563234521682106,1.7261568234913383,1.7261568234913383
0.122,"frozenset({'race/ethnicity=1', 'test preparation course=1'})",73,8,25,16,2,122.0,0.09876543209876543,0.6097560975609756,0.7295081967213115,0.2704918032786885,0.35730991360794234,-0.21411800348405668,0.011508196721311537,-0.011508196721311537,5.148918579496726,4.611610163142629,0.19457232293285165,0.19457232293285165
0.121,"frozenset({'race/ethnicity=1', 'lunch=1'})",48,17,23,33,2,121.0,0.26153846153846155,0.4107142857142857,0.6694214876033058,0.3305785123966942,0.15826810176125244,-0.05134497404436056,-0.048578512396694196,0.048578512396694196,0.7799766129865658,2.3963191895850455,1.1397797188412375,1.1397797188412389
0.119,"frozenset({'lunch=0', 'gender=0', 'test preparation course=1'})",76,7,21,15,3,119.0,0.08433734939759036,0.5833333333333334,0.7647058823529411,0.23529411764705888,0.3308871493803001,-0.22854608618523176,0.04670588235294115,-0.04670588235294115,5.807426273200218,4.001459976442522,1.038525436532598,1.0385254365325987
0.118,"frozenset({'gender=0', 'lunch=1', 'race/ethnicity=2'})",19,20,17,62,3,118.0,0.5128205128205128,0.21518987341772153,0.6864406779661016,0.31355932203389836,-0.037256310535311726,0.19993707723769066,-0.03155932203389833,0.03155932203389833,2.4845129150657703,0.6268126739654539,0.7672846578764368,0.7672846578764368
0.118,frozenset({'parental level of education=1'}),29,18,9,62,1,118.0,0.3829787234042553,0.1267605633802817,0.7711864406779662,0.22881355932203384,-0.12568562057275157,0.0700952878214332,0.053186440677966185,-0.053186440677966185,1.0291428673499647,2.6259815501191293,1.197790095787125,1.1977900957871264
0.118,"frozenset({'race/ethnicity=3', 'lunch=1', 'test preparation course=1'})",21,27,15,55,3,118.0,0.5625,0.21428571428571427,0.6440677966101694,0.35593220338983056,-0.03816046966731898,0.2496165644171779,-0.07393220338983053,0.07393220338983053,3.3939043046330424,0.596299869524497,1.6553236699296712,1.65532366992967
0.118,"frozenset({'gender=0', 'parental level of education=4'})",18,28,6,66,2,118.0,0.6086956521739131,0.08333333333333333,0.711864406779661,0.288135593220339,-0.16911285061969994,0.29581221659109097,-0.006135593220338964,0.006135593220338964,3.9838006467859715,4.086982359121025,0.2112599098266426,0.21125990982664136
0.118,"frozenset({'parental level of education=5', 'lunch=1'})",32,20,14,52,2,118.0,0.38461538461538464,0.21212121212121213,0.711864406779661,0.288135593220339,-0.04032497183182113,0.07173194903256253,-0.006135593220338964,0.006135593220338964,1.0907648388900941,0.6137772981467069,0.2112599098266426,0.21125990982664136
0.117,"frozenset({'test preparation course=0', 'race/ethnicity=2'})",22,18,10,67,2,117.0,0.45,0.12987012987012986,0.7606837606837606,0.23931623931623935,-0.1225760540829034,0.1371165644171779,0.042683760683760674,-0.042683760683760674,1.7621161166677535,2.6428432304531064,0.9292068712200419,0.9292068712200412
0.116,"frozenset({'gender=0', 'parental level of education=0'})",35,13,21,47,2,116.0,0.2708333333333333,0.3088235294117647,0.7068965517241379,0.2931034482758621,0.056377345458731465,-0.0420501022494888,-0.011103448275862071,0.011103448275862071,0.5077760972608119,1.0434602553113024,0.3205682022007662,0.3205682022007662
0.114,"frozenset({'lunch=0', 'race/ethnicity=2'})",70,8,22,14,2,114.0,0.10256410256410256,0.6111111111111112,0.7368421052631579,0.26315789473684215,0.3586649271580779,-0.21031933301871955,0.018842105263157882,-0.018842105263157882,4.921851006145003,4.366124409522206,0.35081318668303973,0.35081318668303846
0.114,"frozenset({'gender=0', 'test preparation course=0', 'lunch=1'})",5,16,2,91,3,114.0,0.7619047619047619,0.021505376344086023,0.8421052631578947,0.1578947368421053,-0.23094080760894722,0.44902132632193975,0.12410526315789472,-0.12410526315789472,4.622767798295497,8.465642725921741,3.2022171843097924,3.202217184309791
0.113,"frozenset({'test preparation course=0', 'lunch=1', 'gender=1'})",15,25,7,66,3,113.0,0.625,0.0958904109589041,0.7168141592920354,0.2831858407079646,-0.15655577299412915,0.3121165644171779,-0.0011858407079645694,0.0011858407079645694,3.968633605102096,3.6437829228876955,0.10197291211141725,0.10197291211141725
0.111,"frozenset({'gender=0', 'race/ethnicity=2', 'test preparation course=1'})",49,12,26,24,3,111.0,0.19672131147540983,0.52,0.6576576576576577,0.3423423423423423,0.26755381604696676,-0.11616212410741228,-0.06034234234234226,0.06034234234234226,1.9601193206813654,3.730240127472729,1.3414033304566173,1.3414033304566173
0.108,"frozenset({'parental level of education=4', 'gender=1'})",48,13,18,29,2,108.0,0.21311475409836064,0.3829787234042553,0.7129629629629629,0.2870370370370371,0.13053253945122206,-0.09976868148446147,-0.005037037037037062,0.005037037037037062,1.6319982081200894,1.8782264787040057,0.1866834340847927,0.1866834340847927
0.106,"frozenset({'parental level of education=0', 'gender=1'})",21,28,7,50,2,106.0,0.5714285714285714,0.12280701754385964,0.6698113207547169,0.33018867924528306,-0.1296391664091736,0.2585451358457493,-0.04818867924528303,0.04818867924528303,3.5514768803676615,2.4452516426708275,1.075229964844699,1.0752299648447003
0.105,"frozenset({'lunch=0', 'gender=1', 'test preparation course=1'})",72,9,12,12,3,105.0,0.1111111111111111,0.5,0.8,0.19999999999999996,0.24755381604696675,-0.201772324471711,0.08200000000000007,-0.08200000000000007,4.686223901905601,2.513159098311635,1.8555009982265003,1.8555009982264996
0.104,"frozenset({'race/ethnicity=1', 'gender=0'})",42,12,22,28,2,104.0,0.2222222222222222,0.44,0.6730769230769231,0.32692307692307687,0.18755381604696675,-0.0906612133605999,-0.04492307692307684,0.04492307692307684,1.3650728092720952,2.6654708116858377,1.002506273876638,1.002506273876639
0.102,"frozenset({'parental level of education=2', 'gender=1'})",56,11,19,16,2,102.0,0.16417910447761194,0.5428571428571428,0.7058823529411765,0.2941176470588235,0.29041095890410956,-0.14870433110521017,-0.012117647058823455,0.012117647058823455,2.800294365258751,3.455683812608169,0.33388672147100196,0.3338867214710032
0.102,"frozenset({'parental level of education=5', 'test preparation course=1'})",47,15,15,25,2,102.0,0.24193548387096775,0.375,0.7058823529411765,0.2941176470588235,0.12255381604696675,-0.07094795171185436,-0.012117647058823455,0.012117647058823455,1.1042267011378046,1.6671756713086414,0.33388672147100196,0.3338867214710032
0.099,"frozenset({'race/ethnicity=4', 'lunch=1'})",2,26,2,69,2,99.0,0.9285714285714286,0.028169014084507043,0.7171717171717171,0.2828282828282829,-0.22427716986852622,0.6156879929886065,-0.0008282828282828447,0.0008282828282828447,10.144644773123721,7.074787225780058,0.09986837564198055,0.09986837564198173
0.096,"frozenset({'lunch=1', 'parental level of education=4', 'test preparation course=1'})",27,22,13,34,3,96.0,0.4489795918367347,0.2765957446808511,0.6354166666666666,0.36458333333333337,0.02414956072781782,0.13609615625391258,-0.08258333333333334,0.08258333333333334,1.9046688006765689,0.4842576784805327,1.681647469666625,1.6816474696666242
0.095,"frozenset({'race/ethnicity=3', 'lunch=0'})",34,19,5,37,2,95.0,0.3584905660377358,0.11904761904761904,0.7473684210526316,0.25263157894736843,-0.1333985649054142,0.045607130454913714,0.0293684210526316,-0.0293684210526316,0.7395067126512123,2.142292888316832,0.5322471978548247,0.5322471978548247
0.095,"frozenset({'race/ethnicity=3', 'gender=1', 'test preparation course=1'})",33,19,11,32,3,95.0,0.36538461538461536,0.2558139534883721,0.6842105263157895,0.3157894736842105,0.0033677695353388493,0.05250117980179325,-0.03378947368421048,0.03378947368421048,0.8294053798436383,0.19503113953682924,0.7550836002850033,0.7550836002850033
0.094,"frozenset({'parental level of education=2', 'lunch=1', 'test preparation course=1'})",53,3,31,7,3,94.0,0.05357142857142857,0.8157894736842105,0.6382978723404256,0.36170212765957444,0.5633432897311772,-0.25931200701139356,-0.0797021276595744,0.0797021276595744,6.263895446796737,8.364119423709447,1.614062917137645,1.6140629171376462
0.094,"frozenset({'gender=0', 'parental level of education=2'})",47,7,23,17,2,94.0,0.12962962962962962,0.575,0.6808510638297872,0.3191489361702128,0.3225538160469667,-0.1832538059531925,-0.037148936170212754,0.037148936170212754,3.358639654301168,4.0840701545196145,0.8168350790321474,0.8168350790321461
0.092,"frozenset({'parental level of education=0', 'lunch=1', 'test preparation course=1'})",20,21,15,36,3,92.0,0.5121951219512195,0.29411764705882354,0.6086956521739131,0.3913043478260869,0.041671463105790285,0.1993116863683974,-0.10930434782608689,0.10930434782608689,2.5315254445734414,0.7417600561911922,2.1339707472502845,2.1339707472502836
0.091,"frozenset({'gender=0', 'parental level of education=5'})",33,12,14,32,2,91.0,0.26666666666666666,0.30434782608695654,0.7142857142857143,0.2857142857142857,0.05190164213392329,-0.04621676891615545,-0.00371428571428567,0.00371428571428567,0.5459089217486135,0.8571100011791795,0.1612060700140781,0.16120607001407697
0.091,"frozenset({'race/ethnicity=2', 'gender=1', 'test preparation course=1'})",46,10,20,15,3,91.0,0.17857142857142858,0.5714285714285714,0.6703296703296703,0.3296703296703297,0.31898238747553814,-0.13431200701139354,-0.04767032967032969,0.04767032967032969,2.2479182917350364,3.8021946186521736,1.004762701060484,1.0047627010604852
0.089,"frozenset({'race/ethnicity=3', 'lunch=1', 'gender=1'})",19,19,11,40,3,89.0,0.5,0.21568627450980393,0.6629213483146067,0.3370786516853933,-0.03675990944322932,0.1871165644171779,-0.055078651685393276,0.055078651685393276,2.3052248416875916,0.44921219784151784,1.1324413713129267,1.1324413713129267
0.089,frozenset({'race/ethnicity=0'}),57,4,11,17,1,89.0,0.06557377049180328,0.39285714285714285,0.8314606741573034,0.1685393258426966,0.1404109589041096,-0.24730966509101882,0.11346067415730343,-0.11346067415730343,5.89544972812413,1.627757057922336,2.528934230976005,2.5289342309760046
0.088,"frozenset({'parental level of education=5', 'gender=1'})",39,13,10,26,2,88.0,0.25,0.2777777777777778,0.7386363636363636,0.26136363636363635,0.025331593824744536,-0.06288343558282211,0.020636363636363675,-0.020636363636363675,0.8676310121306768,0.48011128002154674,0.32520788369219705,0.32520788369219594
0.087,"frozenset({'race/ethnicity=2', 'lunch=1', 'gender=1'})",28,12,17,30,3,87.0,0.3,0.3617021276595745,0.6666666666666666,0.33333333333333337,0.10925594370654124,-0.012883435582822123,-0.05133333333333334,0.05133333333333334,0.05605054534632683,1.6086980127271049,1.054565960492265,1.0545659604922661
0.086,"frozenset({'race/ethnicity=1', 'gender=1'})",49,8,13,16,2,86.0,0.14035087719298245,0.4482758620689655,0.7558139534883721,0.2441860465116279,0.19582967811593227,-0.17253255838983966,0.03781395348837213,-0.03781395348837213,3.164306770609627,2.2012325550929273,0.675028945333026,0.675028945333026
0.085,"frozenset({'race/ethnicity=3', 'gender=0', 'test preparation course=1'})",16,21,7,41,3,85.0,0.5675675675675675,0.14583333333333334,0.6705882352941176,0.3294117647058824,-0.10661285061969991,0.25468413198474543,-0.047411764705882375,0.047411764705882375,3.0864641869449994,1.7044905640010461,0.9746194023188024,0.9746194023188034
0.082,"frozenset({'race/ethnicity=3', 'test preparation course=0'})",8,16,2,56,2,82.0,0.6666666666666666,0.034482758620689655,0.7804878048780488,0.2195121951219512,-0.21796342533234359,0.3537832310838445,0.062487804878048836,-0.062487804878048836,3.6223972293422166,6.00671291876927,1.182796928134726,1.1827969281347266
0.082,"frozenset({'parental level of education=0', 'test preparation course=0'})",7,16,4,55,2,82.0,0.6956521739130435,0.06779661016949153,0.7560975609756098,0.24390243902439024,-0.18464957378354174,0.38276873833022135,0.03809756097560979,-0.03809756097560979,3.9038482016200784,4.310732188147426,0.6609866001961785,0.6609866001961785
0.08,"frozenset({'gender=0', 'parental level of education=0', 'lunch=1'})",17,10,15,38,3,80.0,0.37037037037037035,0.2830188679245283,0.6875,0.3125,0.03057268397149504,0.05748693478754824,-0.03049999999999997,0.03049999999999997,0.7214011347527394,0.5890993356685705,0.6533214241404897,0.6533214241404885
0.08,"frozenset({'race/ethnicity=4', 'test preparation course=1'})",13,20,6,41,2,80.0,0.6060606060606061,0.1276595744680851,0.675,0.32499999999999996,-0.12478660948494816,0.29317717047778397,-0.04299999999999993,0.04299999999999993,3.3973937863506425,2.082940911864841,0.8752851664485307,0.8752851664485297
0.079,"frozenset({'parental level of education=4', 'lunch=0'})",39,12,11,17,2,79.0,0.23529411764705882,0.39285714285714285,0.7088607594936709,0.2911392405063291,0.1404109589041096,-0.07758931793576329,-0.009139240506329083,0.009139240506329083,1.0995264437417118,1.627757057922336,0.26457229475328314,0.26457229475328314
0.078,"frozenset({'race/ethnicity=3', 'gender=0', 'lunch=1'})",4,18,4,52,3,78.0,0.8181818181818182,0.07142857142857142,0.717948717948718,0.28205128205128205,-0.18101761252446183,0.5052983825989961,-5.1282051282020014e-05,5.1282051282020014e-05,5.699308394320086,4.051424891970196,0.09691877350729132,0.09691877350729132
0.078,"frozenset({'race/ethnicity=1', 'lunch=1', 'test preparation course=1'})",39,8,18,13,3,78.0,0.1702127659574468,0.5806451612903226,0.6666666666666666,0.33333333333333337,0.32819897733728937,-0.1426706696253753,-0.05133333333333334,0.05133333333333334,2.2172010124524153,3.7092427559555103,1.0116893979486792,1.0116893979486792
0.078,"frozenset({'parental level of education=0', 'race/ethnicity=2'})",24,9,19,26,2,78.0,0.2727272727272727,0.4222222222222222,0.6410256410256411,0.3589743589743589,0.16977603826918897,-0.040156162855549404,-0.07697435897435889,0.07697435897435889,0.35743433244945594,2.329171145642123,1.44854342892889,1.4485434289288912
0.077,"frozenset({'test preparation course=0', 'parental level of education=5'})",25,10,9,33,2,77.0,0.2857142857142857,0.21428571428571427,0.7532467532467533,0.24675324675324672,-0.03816046966731898,-0.027169149868536413,0.035246753246753304,-0.035246753246753304,0.21220463410352938,0.39997252792218374,0.5778942494142617,0.5778942494142617
0.077,"frozenset({'parental level of education=0', 'lunch=0'})",36,8,13,20,2,77.0,0.18181818181818182,0.3939393939393939,0.7272727272727273,0.2727272727272727,0.14149320998636067,-0.1310652537646403,0.009272727272727321,-0.009272727272727321,1.9176691347315367,1.7477374428438799,0.07590502395792716,0.07590502395792609
0.077,"frozenset({'test preparation course=0', 'parental level of education=4'})",6,14,3,54,2,77.0,0.7,0.05263157894736842,0.7792207792207793,0.22077922077922074,-0.19981460500566484,0.38711656441717784,0.06122077922077929,-0.06122077922077929,3.705927976436639,4.923243477178958,1.1139685283563252,1.1139685283563252
0.076,"frozenset({'gender=0', 'parental level of education=4', 'test preparation course=1'})",16,22,5,33,3,76.0,0.5789473684210527,0.13157894736842105,0.6447368421052632,0.35526315789473684,-0.12086723658461221,0.26606393283823054,-0.07326315789473681,0.07326315789473681,3.2674631253530104,1.753530640043775,1.371400685638924,1.371400685638923
0.075,"frozenset({'parental level of education=2', 'gender=1', 'test preparation course=1'})",46,6,16,7,3,75.0,0.11538461538461539,0.6956521739130435,0.7066666666666667,0.29333333333333333,0.4432059899600102,-0.19749882019820672,-0.011333333333333306,0.011333333333333306,3.688500565664423,4.563734870120844,0.30269854938765506,0.30269854938765506
0.074,"frozenset({'lunch=1', 'gender=0', 'parental level of education=4'})",3,18,1,52,3,74.0,0.8571428571428571,0.018867924528301886,0.7432432432432432,0.2567567567567568,-0.23357825942473137,0.5442594215600349,0.02524324324324323,-0.02524324324324323,6.3936981871967555,6.884958701003686,0.3696025907201739,0.3696025907201728
0.074,"frozenset({'gender=0', 'parental level of education=0', 'test preparation course=1'})",33,6,20,15,3,74.0,0.15384615384615385,0.5714285714285714,0.6486486486486487,0.3513513513513513,0.31898238747553814,-0.15903728173666826,-0.06935135135135129,0.06935135135135129,2.3157647927058873,3.8021946186521736,1.2921322711330614,1.2921322711330614
0.074,"frozenset({'lunch=1', 'parental level of education=1'})",9,16,3,46,2,74.0,0.64,0.061224489795918366,0.7432432432432432,0.2567567567567568,-0.19122169415711487,0.3271165644171779,0.02524324324324323,-0.02524324324324323,3.374930933273705,4.1731978101227165,0.3696025907201739,0.3696025907201728
0.074,"frozenset({'test preparation course=0', 'lunch=1', 'race/ethnicity=2'})",4,12,3,55,3,74.0,0.75,0.05172413793103448,0.7972972972972973,0.20270270270270274,-0.20072204602199878,0.4371165644171779,0.07929729729729729,-0.07929729729729729,3.8962716568933096,5.012275384272068,1.480042146882075,1.480042146882075
0.073,"frozenset({'parental level of education=4', 'gender=1', 'test preparation course=1'})",44,5,16,8,3,73.0,0.10204081632653061,0.6666666666666666,0.7123287671232876,0.28767123287671237,0.4142204827136334,-0.2108426192562915,-0.00567123287671234,0.00567123287671234,3.972910650873517,4.2806513148528245,0.20135149112625558,0.20135149112625558
0.073,"frozenset({'lunch=1', 'parental level of education=4', 'gender=1'})",24,11,12,26,3,73.0,0.3142857142857143,0.3157894736842105,0.684931506849315,0.31506849315068497,0.06334328973117725,0.001402278702892168,-0.03306849315068494,0.03306849315068494,0.13557226965474048,0.9466645297534414,0.6785022046996438,0.6785022046996428
0.072,"frozenset({'parental level of education=1', 'test preparation course=1'})",25,10,6,31,2,72.0,0.2857142857142857,0.16216216216216217,0.7777777777777778,0.2222222222222222,-0.09028402179087108,-0.027169149868536413,0.05977777777777782,-0.05977777777777782,0.21220463410352938,1.1616242195054012,1.0413879104640278,1.0413879104640285
0.072,"frozenset({'gender=0', 'race/ethnicity=2', 'lunch=1', 'test preparation course=1'})",19,12,17,24,4,72.0,0.3870967741935484,0.4146341463414634,0.5972222222222222,0.4027777777777778,0.16218796238843014,0.07421333861072626,-0.12077777777777776,0.12077777777777776,0.9296575613388376,2.1507568153909586,2.1039521778721118,2.103952177872111
0.071,"frozenset({'race/ethnicity=4', 'gender=1'})",4,22,2,43,2,71.0,0.8461538461538461,0.044444444444444446,0.6619718309859155,0.3380281690140845,-0.2080017395085888,0.533270410571024,-0.05602816901408447,0.05602816901408447,6.849682759716743,4.7204163216798145,1.0538059934797799,1.053805993479781
0.071,"frozenset({'lunch=0', 'race/ethnicity=2', 'test preparation course=1'})",52,2,15,2,3,71.0,0.037037037037037035,0.8823529411764706,0.7605633802816901,0.23943661971830987,0.6299067572234374,-0.2758463985457851,0.042563380281690155,-0.042563380281690155,7.139279380129545,7.028070105337948,0.6885242295286981,0.6885242295286981
0.07,"frozenset({'parental level of education=2', 'lunch=0'})",43,8,7,12,2,70.0,0.1568627450980392,0.3684210526315789,0.7857142857142857,0.2142857142857143,0.11597486867854567,-0.1560206904847829,0.06771428571428573,-0.06771428571428573,2.605197558539338,1.2112473628572402,1.1878083494561624,1.1878083494561624
0.07,"frozenset({'gender=0', 'test preparation course=0', 'lunch=0'})",17,13,10,30,3,70.0,0.43333333333333335,0.25,0.6714285714285714,0.3285714285714286,-0.002446183953033254,0.12044989775051124,-0.0465714285714286,0.0465714285714286,1.3939178880947145,0.12178730146729601,0.8933360486472521,0.8933360486472531
0.069,"frozenset({'parental level of education=2', 'lunch=1', 'gender=1'})",37,5,18,9,3,69.0,0.11904761904761904,0.6666666666666666,0.6666666666666666,0.33333333333333337,0.4142204827136334,-0.19383581653520307,-0.05133333333333334,0.05133333333333334,3.2076404087379933,4.5205092019502064,0.9663010139203096,0.9663010139203096
0.069,"frozenset({'race/ethnicity=1', 'lunch=0'})",43,3,12,11,2,69.0,0.06521739130434782,0.5217391304347826,0.782608695652174,0.21739130434782605,0.26929294648174934,-0.24766604427847427,0.06460869565217398,-0.06460869565217398,5.15444921125558,2.670151674704176,1.1138022717091818,1.1138022717091813
0.069,"frozenset({'parental level of education=4', 'race/ethnicity=2'})",21,12,8,28,2,69.0,0.36363636363636365,0.2222222222222222,0.7101449275362319,0.28985507246376807,-0.030223961730811044,0.050752928053541535,-0.007855072463768042,0.007855072463768042,0.6944782430932547,0.23426195727740332,0.23977811622932582,0.23977811622932682
0.069,"frozenset({'race/ethnicity=4', 'gender=0'})",10,11,5,43,2,69.0,0.5238095238095238,0.10416666666666667,0.7681159420289855,0.23188405797101452,-0.14827951728636657,0.21092608822670172,0.050115942028985505,-0.050115942028985505,1.9991882548100506,2.7015693459237298,0.8227486165433799,0.8227486165433794
0.069,"frozenset({'race/ethnicity=1', 'gender=0', 'test preparation course=1'})",34,5,18,12,3,69.0,0.1282051282051282,0.6,0.6666666666666666,0.33333333333333337,0.3475538160469667,-0.18467830737769392,-0.05133333333333334,0.05133333333333334,2.864207404975334,3.884197457522776,0.9663010139203096,0.9663010139203096
0.069,"frozenset({'gender=0', 'test preparation course=0', 'race/ethnicity=2'})",7,12,5,45,3,69.0,0.631578947368421,0.1,0.7536231884057971,0.24637681159420288,-0.15244618395303325,0.3186955117855989,0.035623188405797146,-0.035623188405797146,2.891335354768319,2.8818483439284175,0.5434707499259148,0.5434707499259148
0.068,"frozenset({'race/ethnicity=1', 'test preparation course=0'})",18,12,10,28,2,68.0,0.4,0.2631578947368421,0.6764705882352942,0.32352941176470584,0.010711710783808837,0.08711656441717791,-0.041529411764705815,0.041529411764705815,1.052120942903141,0.29849613788852314,0.8020037213838653,0.8020037213838663
0.067,"frozenset({'race/ethnicity=3', 'parental level of education=4'})",17,14,6,30,2,67.0,0.45161290322580644,0.16666666666666666,0.7014925373134329,0.29850746268656714,-0.0857795172863666,0.13872946764298433,-0.01650746268656711,0.01650746268656711,1.6026129876928519,1.0650890148440901,0.38576335172667964,0.38576335172667964
0.066,"frozenset({'parental level of education=0', 'gender=1', 'test preparation course=1'})",16,19,4,27,3,66.0,0.5428571428571428,0.12903225806451613,0.6515151515151515,0.3484848484848485,-0.12341392588851713,0.2299737072743207,-0.06648484848484848,0.06648484848484848,2.717111284617802,1.5818859325856174,1.1897618680746893,1.1897618680746884
0.065,"frozenset({'parental level of education=0', 'lunch=1', 'gender=1'})",3,23,0,39,3,65.0,0.8846153846153846,0.0,0.6461538461538462,0.3538461538461538,-0.25244618395303325,0.5717319490325625,-0.07184615384615378,0.07184615384615378,7.9617392501675,7.4912402116374,1.2659120439738858,1.2659120439738867
0.065,"frozenset({'gender=0', 'parental level of education=2', 'test preparation course=1'})",40,1,20,4,3,65.0,0.024390243902439025,0.8333333333333334,0.676923076923077,0.32307692307692304,0.5808871493803001,-0.28849319168038307,-0.04107692307692301,0.04107692307692301,7.026289210973981,7.084728369234046,0.7823816470967898,0.7823816470967889
0.065,"frozenset({'race/ethnicity=1', 'gender=0', 'lunch=1'})",23,9,15,18,3,65.0,0.28125,0.45454545454545453,0.6307692307692307,0.36923076923076925,0.20209927059242128,-0.03163343558282211,-0.08723076923076922,0.08723076923076922,0.24468668653830253,2.390809363171312,1.502944709470504,1.502944709470503
0.064,"frozenset({'lunch=1', 'race/ethnicity=3', 'gender=1', 'test preparation course=1'})",17,12,11,24,4,64.0,0.41379310344827586,0.3142857142857143,0.640625,0.359375,0.061839530332681025,0.10090966786545374,-0.07737499999999997,0.07737499999999997,1.1784226810528269,0.9053639390524038,1.342973896100261,1.342973896100261
0.064,"frozenset({'parental level of education=2', 'race/ethnicity=2'})",42,1,20,1,2,64.0,0.023255813953488372,0.9523809523809523,0.671875,0.328125,0.6999347684279191,-0.28962762162933375,-0.04612499999999997,0.04612499999999997,7.297630929563905,10.879317624689246,0.8580342257172896,0.8580342257172906
0.064,"frozenset({'parental level of education=5', 'lunch=1', 'test preparation course=1'})",19,13,9,23,3,64.0,0.40625,0.28125,0.65625,0.34375,0.028803816046966746,0.09336656441717789,-0.06174999999999997,0.06174999999999997,1.1438650115041467,0.5128571362069401,1.102243608060831,1.102243608060831
0.063,"frozenset({'gender=0', 'parental level of education=1'})",10,8,5,40,2,63.0,0.4444444444444444,0.1111111111111111,0.7936507936507936,0.2063492063492064,-0.14133507284192215,0.1315610088616223,0.07565079365079364,-0.07565079365079364,1.233319449723846,2.425427793944996,1.2756896020333575,1.2756896020333575
0.063,"frozenset({'parental level of education=5', 'lunch=1', 'gender=1'})",22,10,8,23,3,63.0,0.3125,0.25806451612903225,0.7142857142857143,0.2857142857142857,0.005618332175998997,-0.00038343558282211143,-0.00371428571428567,0.00371428571428567,0.12083420508929647,0.24527702060795223,0.17092019529301175,0.1709201952930108
0.062,"frozenset({'race/ethnicity=3', 'lunch=0', 'test preparation course=1'})",28,13,3,18,3,62.0,0.3170731707317073,0.14285714285714285,0.7419354838709677,0.25806451612903225,-0.1095890410958904,0.00418973514888521,0.023935483870967778,-0.023935483870967778,0.16200647820769684,0.9973016649980949,0.29701957254121086,0.29701957254121086
0.062,"frozenset({'lunch=0', 'gender=0', 'race/ethnicity=2'})",37,4,14,7,3,62.0,0.0975609756097561,0.6666666666666666,0.7096774193548387,0.29032258064516125,0.4142204827136334,-0.215322459973066,-0.008322580645161226,0.008322580645161226,3.748019029485616,4.024031666755635,0.2471534475773506,0.2471534475773506
0.061,"frozenset({'lunch=0', 'test preparation course=0', 'gender=1'})",22,9,6,24,3,61.0,0.2903225806451613,0.2,0.7540983606557377,0.24590163934426235,-0.05244618395303324,-0.0225608549376608,0.03609836065573768,-0.03609836065573768,0.13017929581781182,0.46539616211110935,0.5062025723315196,0.5062025723315196
0.061,"frozenset({'parental level of education=5', 'lunch=0'})",40,5,10,6,2,61.0,0.1111111111111111,0.625,0.7540983606557377,0.24590163934426235,0.37255381604696675,-0.201772324471711,0.03609836065573768,-0.03609836065573768,3.5417246691003275,3.1522799583025147,0.5062025723315196,0.5062025723315196
0.06,"frozenset({'race/ethnicity=4', 'test preparation course=0'})",1,13,1,45,2,60.0,0.9285714285714286,0.021739130434782608,0.7666666666666667,0.23333333333333328,-0.23070705351825066,0.6156879929886065,0.04866666666666675,-0.04866666666666675,6.771977398869968,6.1563272389709995,0.7258498306763449,0.7258498306763449
0.059,"frozenset({'lunch=1', 'race/ethnicity=2', 'gender=1', 'test preparation course=1'})",24,8,14,13,4,59.0,0.25,0.5185185185185185,0.6271186440677966,0.3728813559322034,0.26607233456548524,-0.06288343558282211,-0.09088135593220337,0.09088135593220337,0.6318834169970614,2.829937049492577,1.4977598180780423,1.4977598180780423
0.059,"frozenset({'race/ethnicity=4', 'lunch=1', 'test preparation course=1'})",1,19,1,38,3,59.0,0.95,0.02564102564102564,0.6610169491525424,0.3389830508474576,-0.22680515831200762,0.6371165644171779,-0.056983050847457584,0.056983050847457584,9.378789813837326,5.331990618677904,0.9973264943581183,0.9973264943581192
0.059,frozenset({'parental level of education=3'}),10,10,2,37,1,59.0,0.5,0.05128205128205128,0.7966101694915254,0.2033898305084746,-0.201164132670982,0.1871165644171779,0.07861016949152544,-0.07861016949152544,1.7525232685105747,4.047778457233235,1.285730051917318,1.2857300519173176
0.058,"frozenset({'race/ethnicity=0', 'test preparation course=1'})",47,0,9,2,2,58.0,0.0,0.8181818181818182,0.8448275862068966,0.15517241379310343,0.5657356342287849,-0.3128834355828221,0.1268275862068966,-0.1268275862068966,10.133480076288468,4.515757174865951,2.325190035379634,2.3251900353796344
0.057,"frozenset({'gender=0', 'parental level of education=2', 'lunch=1'})",23,5,17,12,3,57.0,0.17857142857142858,0.5862068965517241,0.6140350877192983,0.38596491228070173,0.33376071259869083,-0.13431200701139354,-0.1039649122807017,0.1039649122807017,1.5188114667738803,3.6637775571159015,1.6638078282046749,1.6638078282046742
0.056,"frozenset({'gender=0', 'parental level of education=5', 'test preparation course=1'})",25,7,10,14,3,56.0,0.21875,0.4166666666666667,0.6964285714285714,0.3035714285714286,0.16422048271363343,-0.09413343558282211,-0.021571428571428575,0.021571428571428575,1.0490387909436518,1.7492056514737409,0.450995953007664,0.4509959530076631
0.056,"frozenset({'race/ethnicity=1', 'lunch=1', 'gender=1'})",25,8,8,15,3,56.0,0.24242424242424243,0.34782608695652173,0.7142857142857143,0.2857142857142857,0.09537990300348848,-0.07045919315857968,-0.00371428571428567,0.00371428571428567,0.7455470519641977,1.109479355624015,0.17505947029379068,0.1750594702937916
0.056,"frozenset({'parental level of education=2', 'test preparation course=0'})",17,11,6,22,2,56.0,0.39285714285714285,0.21428571428571427,0.6964285714285714,0.3035714285714286,-0.03816046966731898,0.07997370727432074,-0.021571428571428575,0.021571428571428575,0.9548200043765668,0.25626067800475316,0.450995953007664,0.4509959530076631
0.056,"frozenset({'parental level of education=0', 'lunch=1', 'race/ethnicity=2'})",11,9,10,26,3,56.0,0.45,0.2777777777777778,0.6607142857142857,0.3392857142857143,0.025331593824744536,0.1371165644171779,-0.05728571428571427,0.05728571428571427,1.3303524700678415,0.48011128002154674,0.982681730306826,0.982681730306826
0.055,"frozenset({'gender=0', 'parental level of education=5', 'lunch=1'})",10,10,6,29,3,55.0,0.5,0.17142857142857143,0.7090909090909091,0.2909090909090909,-0.08101761252446182,0.1871165644171779,-0.008909090909090867,0.008909090909090867,1.7525232685105747,0.9676532800473525,0.25612305785452716,0.2561230578545281
0.055,"frozenset({'parental level of education=1', 'gender=1'})",19,10,4,22,2,55.0,0.3448275862068966,0.15384615384615385,0.7454545454545455,0.2545454545454545,-0.0986000301068794,0.03194415062407446,0.02745454545454551,-0.02745454545454551,0.4727800001176219,1.0159856933154665,0.3237579987928785,0.32375799879287753
0.054,"frozenset({'race/ethnicity=3', 'gender=0', 'lunch=1', 'test preparation course=1'})",4,15,4,31,4,54.0,0.7894736842105263,0.11428571428571428,0.6481481481481481,0.35185185185185186,-0.13816046966731899,0.4765902486277042,-0.06985185185185183,0.06985185185185183,4.810470638117098,2.015507293820399,1.1486720256887133,1.1486720256887124
0.054,"frozenset({'test preparation course=0', 'parental level of education=5', 'lunch=1'})",13,7,5,29,3,54.0,0.35,0.14705882352941177,0.7777777777777778,0.2222222222222222,-0.10538736042362148,0.037116564417177866,0.05977777777777782,-0.05977777777777782,0.48789152298656113,1.3511305641818325,0.871615581876746,0.871615581876747
0.053,"frozenset({'race/ethnicity=4', 'lunch=1', 'gender=1'})",1,18,1,33,3,53.0,0.9473684210526315,0.029411764705882353,0.6415094339622641,0.3584905660377359,-0.2230344192471509,0.6344849854698094,-0.07649056603773585,0.07649056603773585,8.958093560599018,4.6815288910822,1.233399045251833,1.233399045251833
0.053,"frozenset({'lunch=0', 'parental level of education=4', 'test preparation course=1'})",33,5,8,7,3,53.0,0.13157894736842105,0.5333333333333333,0.7547169811320755,0.24528301886792447,0.28088714938030007,-0.18130448821440107,0.036716981132075555,-0.036716981132075555,2.7476118079115195,2.3154179114831552,0.4654431574749307,0.4654431574749307
0.053,"frozenset({'parental level of education=0', 'test preparation course=0', 'lunch=1'})",0,12,0,41,3,53.0,1.0,0.0,0.7735849056603774,0.2264150943396226,-0.25244618395303325,0.6871165644171779,0.05558490566037744,-0.05558490566037744,8.821354191355484,7.739516690928127,0.7872076973554687,0.7872076973554691
0.053,"frozenset({'race/ethnicity=1', 'gender=1', 'test preparation course=1'})",39,3,7,4,3,53.0,0.07142857142857142,0.6363636363636364,0.8113207547169812,0.18867924528301883,0.3839174524106031,-0.2414548641542507,0.0933207547169812,-0.0933207547169812,4.670758635379716,2.7540823163383052,1.4904185042145612,1.4904185042145623
0.053,"frozenset({'race/ethnicity=0', 'gender=1'})",35,3,7,8,2,53.0,0.07894736842105263,0.4666666666666667,0.8113207547169812,0.18867924528301883,0.21422048271363342,-0.23393606716176948,0.0933207547169812,-0.0933207547169812,4.163859349475666,1.8219366532401728,1.4904185042145612,1.4904185042145623
0.053,"frozenset({'lunch=1', 'race/ethnicity=0'})",29,3,6,15,2,53.0,0.09375,0.2857142857142857,0.8301886792452831,0.16981132075471694,0.033268101761252444,-0.2191334355828221,0.11218867924528308,-0.11218867924528308,3.3596499136651428,0.5313457811458707,1.8819258613830903,1.8819258613830914
0.052,"frozenset({'lunch=0', 'race/ethnicity=2', 'gender=1'})",33,4,8,7,3,52.0,0.10810810810810811,0.5333333333333333,0.7692307692307693,0.23076923076923073,0.28088714938030007,-0.204775327474714,0.0512307692307693,-0.0512307692307693,3.2620084389222694,2.3154179114831552,0.7022187237410442,0.7022187237410447
0.051,"frozenset({'lunch=1', 'test preparation course=0', 'parental level of education=4'})",0,7,0,44,3,51.0,1.0,0.0,0.8627450980392157,0.13725490196078427,-0.25244618395303325,0.6871165644171779,0.14474509803921576,-0.14474509803921576,5.664168025128104,8.08757560344911,2.591060314944003,2.5910603149440035
0.051,"frozenset({'race/ethnicity=3', 'gender=0', 'lunch=0'})",16,10,4,21,3,51.0,0.38461538461538464,0.16,0.7254901960784313,0.27450980392156865,-0.09244618395303325,0.07173194903256253,0.007490196078431377,-0.007490196078431377,0.8510784195867114,0.8991869110599342,0.00927641704792097,0.00927641704792185
0.051,"frozenset({'lunch=1', 'parental level of education=2', 'gender=1', 'test preparation course=1'})",31,2,15,3,4,51.0,0.06060606060606061,0.8333333333333334,0.6666666666666666,0.33333333333333337,0.5808871493803001,-0.2522773749767615,-0.05133333333333334,0.05133333333333334,4.457760437858299,6.115969133914646,0.8665395125698266,0.8665395125698275
0.05,"frozenset({'gender=0', 'parental level of education=0', 'lunch=1', 'test preparation course=1'})",17,5,15,13,4,50.0,0.22727272727272727,0.5357142857142857,0.6,0.4,0.28326810176125244,-0.08561070831009485,-0.118,0.118,0.7143736624516791,3.0547897102890182,1.7626192433773802,1.7626192433773802
0.05,"frozenset({'race/ethnicity=3', 'parental level of education=0'})",6,12,1,31,2,50.0,0.6666666666666666,0.03125,0.74,0.26,-0.22119618395303325,0.3537832310838445,0.02200000000000002,-0.02200000000000002,3.1682409920636476,4.406668645196885,0.21105403553195703,0.21105403553195615
0.05,"frozenset({'race/ethnicity=3', 'parental level of education=5'})",10,11,3,26,2,50.0,0.5238095238095238,0.10344827586206896,0.72,0.28,-0.1489979080909643,0.21092608822670172,0.0020000000000000018,-0.0020000000000000018,1.9991882548100506,1.9967728101380078,0.0944080940661643,0.0944080940661643
